cols,std
Annual_Income,38299.422092538225
Monthly_Inhand_Salary,3186.432496982769
Outstanding_Debt,1155.1290257464573
Credit_History_Age,99.68071608811806
Total_EMI_per_month,132.26705619939543
Amount_invested_monthly,39.00693239989302
